model,correlation,n_samples
model1,0.9556707054204593,20
model2,-0.8932146556910459,20
model3,-0.6087786362814894,20
model4,-0.8066049283511426,20
model5,-0.7313777919138124,20
