model,correlation,n_samples
model1,0.7349650988569758,20.0
model2,-0.6262542891063003,20.0
model3,-0.4495026097110868,20.0
model4,-0.6668985676961796,20.0
model5,-0.6308603570283876,20.0
