model,correlation,n_samples
model1,0.6377207267569901,20
model2,-0.7183852288530069,20
model3,-0.5677634244437115,20
model4,-0.8293868159115568,20
model5,-0.8107693409535611,20
