model,correlation,n_samples
model1,0.9082169006127381,20
model2,-0.7416602480195786,20
model3,-0.022605982543227012,20
model4,-0.5748703196838278,20
model5,-0.48162735976129256,20
