model,correlation,n_samples
model1,-0.9194618119397192,20
model2,-0.46728873718096764,20
model3,-0.03529308166947821,20
model4,-0.10386418954484924,20
model5,-0.3426084086083205,20
