model,correlation,n_samples
model1,0.7084748234607386,20
model2,-0.5293773469957805,20
model3,-0.2723298404767515,20
model4,-0.6076391267371495,20
model5,-0.7817772170043955,20
