model,correlation,n_samples
model1,-0.8371020641241395,20
model2,-0.5614334848076374,20
model3,-0.11329479409480703,20
model4,-0.43295889209776606,20
model5,0.0517747650500852,20
