model,correlation,n_samples
model1,0.3724453753782449,20
model2,-0.5131703743207595,20
model3,-0.4669017201464005,20
model4,-0.44935034813415603,20
model5,-0.3161523560939248,20
