model,correlation,n_samples
model1,-0.9275930963398705,20
model2,-0.703432299231216,20
model3,-0.027246157506504536,20
model4,0.6626819066299067,20
model5,-0.5327568212373865,20
