model,correlation,n_samples
model1,0.8272620615126839,20
model2,-0.3617178807576304,20
model3,-0.7586360543749407,20
model4,-0.733539867359245,20
model5,-0.6634580764433394,20
