model,correlation,n_samples
model1,0.08749006779304157,20
model2,-0.6906268664133298,20
model3,-0.05097840086102387,20
model4,-0.31840570243621086,20
model5,-0.42829169334599226,20
