model,correlation,n_samples
model1,-0.5587141778722374,20.0
model2,-0.590146059511308,20.0
model3,-0.09564382794214825,20.0
model4,0.006174843375035305,20.0
model5,-0.32495637120320875,20.0
