model,correlation,n_samples
model1,0.09335788237494753,20
model2,-0.3869133764950978,20
model3,0.2807057525984201,20
model4,0.18115649348439056,20
model5,-0.4184870563885673,20
