model,correlation,n_samples
model1,-0.8489760449976841,20
model2,-0.7311815929395993,20
model3,-0.6277562861194961,20
model4,0.04843944421474079,20
model5,-0.2793690126890711,20
